{
  "version": 1,
  "author": "Manu Shukla",
  "editor": "wokwi",
  "parts": [
    { "type": "wokwi-arduino-mega", "id": "mega", "top": 90.81, "left": -4.53, "attrs": {} },
    {
      "type": "wokwi-dht22",
      "id": "dht1",
      "top": -47.99,
      "left": -285.26,
      "attrs": { "temperature": "24", "humidity": "40" }
    },
    {
      "type": "wokwi-dht22",
      "id": "dht2",
      "top": 263.54,
      "left": -280.87,
      "attrs": { "temperature": "76" }
    },
    {
      "type": "wokwi-dht22",
      "id": "dht3",
      "top": -48.99,
      "left": 611.12,
      "attrs": { "humidity": "0" }
    },
    { "type": "wokwi-servo", "id": "servo1", "top": -153.64, "left": -353.45, "attrs": {} },
    { "type": "wokwi-servo", "id": "servo2", "top": 158.88, "left": -341.62, "attrs": {} },
    { "type": "wokwi-servo", "id": "servo3", "top": -157.67, "left": 545.77, "attrs": {} },
    { "type": "wokwi-servo", "id": "servo4", "top": 177.44, "left": 565.1, "attrs": {} },
    {
      "type": "wokwi-photoresistor-sensor",
      "id": "ldr1",
      "top": 502.71,
      "left": 43.82,
      "attrs": {}
    },
    {
      "type": "wokwi-dht22",
      "id": "dht4",
      "top": 299.12,
      "left": 641.31,
      "attrs": { "humidity": "0", "temperature": "80" }
    },
    {
      "type": "wokwi-lcd1602",
      "id": "lcd1",
      "top": -271.27,
      "left": 16.46,
      "attrs": { "pins": "i2c" }
    }
  ],
  "connections": [
    [ "dht1:VCC", "mega:5V", "red", [ "v16.73", "h336.56" ] ],
    [ "dht4:VCC", "mega:5V", "red", [ "v18.02", "h-378.6" ] ],
    [ "dht2:VCC", "mega:5V", "red", [ "v20.89", "h85.15", "v284.55", "h239.94" ] ],
    [ "dht3:VCC", "mega:5V", "red", [ "v40.62", "h-127.89", "v278.39", "h-247.63" ] ],
    [ "dht1:GND", "mega:GND.2", "black", [ "v33.65", "h309.33" ] ],
    [ "dht4:GND", "mega:GND.2", "black", [ "v33.4", "h-408.91" ] ],
    [ "dht3:GND", "mega:GND.2", "black", [ "v46.77", "h-170.5", "v283.01", "h-233.79" ] ],
    [ "servo2:GND", "mega:GND.3", "black", [ "h-25.92", "v207.9", "h500.14" ] ],
    [ "servo4:GND", "mega:GND.3", "black", [ "h-57.84", "v207.16", "h-241.35" ] ],
    [ "servo3:GND", "mega:GND.3", "black", [ "h-38.58", "v508.64", "h-260.25" ] ],
    [ "servo2:V+", "mega:5V", "red", [ "h-34.65", "v204.21", "h494.33" ] ],
    [ "servo4:V+", "mega:5V", "red", [ "h-49.12", "v202.02", "h-268.97" ] ],
    [ "servo3:V+", "mega:5V", "red", [ "h-44.4", "v503.5", "h-270.43" ] ],
    [ "ldr1:VCC", "mega:5V", "red", [ "h41.36", "v-89.94", "h-101.22" ] ],
    [ "ldr1:GND", "mega:GND.2", "black", [ "h31.87", "v-90.45", "h-6.33" ] ],
    [ "lcd1:VCC", "mega:5V", "red", [ "h-46.18", "v532.34", "h163.84" ] ],
    [ "lcd1:GND", "mega:GND.1", "black", [ "h-15.72", "v229.51", "h106.21" ] ],
    [ "lcd1:SDA", "mega:20", "green", [ "h-9.55", "v201.87", "h302.57" ] ],
    [ "lcd1:SCL", "mega:21", "green", [ "h4.04", "v175.08", "h303.81" ] ],
    [ "dht1:SDA", "mega:3", "green", [ "v0" ] ],
    [ "dht2:SDA", "mega:4", "green", [ "v0" ] ],
    [ "dht3:SDA", "mega:5", "green", [ "v0" ] ],
    [ "dht4:SDA", "mega:6", "green", [ "v0" ] ],
    [ "servo1:PWM", "mega:8", "green", [ "h0" ] ],
    [ "servo2:PWM", "mega:9", "green", [ "h0" ] ],
    [ "servo3:PWM", "mega:10", "green", [ "h0" ] ],
    [ "servo4:PWM", "mega:11", "green", [ "h0" ] ],
    [ "servo1:GND", "mega:GND.3", "black", [ "h0" ] ],
    [ "servo1:V+", "mega:5V", "red", [ "h0" ] ],
    [ "ldr1:AO", "mega:A0", "green", [ "h0" ] ]
  ]
}